{
  "timestamp": "2025-11-07T20:50:46.642284",
  "experiment": "hierarchical_initialization",
  "hypothesis": "Can we design good HSI through initialization?",
  "results": [
    {
      "fast_scale": 1.0,
      "slow_scale": 1.0,
      "trained": false,
      "mean_hsi": 7.386206426533763,
      "std_hsi": 5.510957929129425,
      "min_hsi": 1.9110028370748524,
      "max_hsi": 25.386415085274738,
      "stable_rate": 0.0,
      "hsi_values": [
        1.9110028370748524,
        5.239604554851112,
        3.0552088168705236,
        3.3500701517276914,
        3.067286203912162,
        6.742825988203757,
        3.7577917164873065,
        13.027295721709919,
        4.844158349492244,
        2.8775502086841525,
        9.486735320562833,
        11.986433051017741,
        6.332266659045234,
        25.386415085274738,
        5.0628384639875135,
        6.391141265329212,
        16.449669420335344,
        4.717252257504137,
        6.622150057325135,
        7.416432401279655
      ],
      "label": "Baseline (init only)"
    },
    {
      "fast_scale": 1.0,
      "slow_scale": 1.0,
      "trained": true,
      "mean_hsi": 7.386206426533763,
      "std_hsi": 5.510957929129425,
      "min_hsi": 1.9110028370748524,
      "max_hsi": 25.386415085274738,
      "stable_rate": 0.0,
      "hsi_values": [
        1.9110028370748524,
        5.239604554851112,
        3.0552088168705236,
        3.3500701517276914,
        3.067286203912162,
        6.742825988203757,
        3.7577917164873065,
        13.027295721709919,
        4.844158349492244,
        2.8775502086841525,
        9.486735320562833,
        11.986433051017741,
        6.332266659045234,
        25.386415085274738,
        5.0628384639875135,
        6.391141265329212,
        16.449669420335344,
        4.717252257504137,
        6.622150057325135,
        7.416432401279655
      ],
      "label": "Baseline (trained)"
    },
    {
      "fast_scale": 1.5,
      "slow_scale": 0.7,
      "trained": false,
      "mean_hsi": 7.386206426533763,
      "std_hsi": 5.510957929129425,
      "min_hsi": 1.9110028370748524,
      "max_hsi": 25.386415085274738,
      "stable_rate": 0.0,
      "hsi_values": [
        1.9110028370748524,
        5.239604554851112,
        3.0552088168705236,
        3.3500701517276914,
        3.067286203912162,
        6.742825988203757,
        3.7577917164873065,
        13.027295721709919,
        4.844158349492244,
        2.8775502086841525,
        9.486735320562833,
        11.986433051017741,
        6.332266659045234,
        25.386415085274738,
        5.0628384639875135,
        6.391141265329212,
        16.449669420335344,
        4.717252257504137,
        6.622150057325135,
        7.416432401279655
      ],
      "label": "Mild hierarchy (init only)"
    },
    {
      "fast_scale": 1.5,
      "slow_scale": 0.7,
      "trained": true,
      "mean_hsi": 7.386206426533763,
      "std_hsi": 5.510957929129425,
      "min_hsi": 1.9110028370748524,
      "max_hsi": 25.386415085274738,
      "stable_rate": 0.0,
      "hsi_values": [
        1.9110028370748524,
        5.239604554851112,
        3.0552088168705236,
        3.3500701517276914,
        3.067286203912162,
        6.742825988203757,
        3.7577917164873065,
        13.027295721709919,
        4.844158349492244,
        2.8775502086841525,
        9.486735320562833,
        11.986433051017741,
        6.332266659045234,
        25.386415085274738,
        5.0628384639875135,
        6.391141265329212,
        16.449669420335344,
        4.717252257504137,
        6.622150057325135,
        7.416432401279655
      ],
      "label": "Mild hierarchy (trained)"
    },
    {
      "fast_scale": 2.0,
      "slow_scale": 0.5,
      "trained": false,
      "mean_hsi": 7.386206426533763,
      "std_hsi": 5.510957929129425,
      "min_hsi": 1.9110028370748524,
      "max_hsi": 25.386415085274738,
      "stable_rate": 0.0,
      "hsi_values": [
        1.9110028370748524,
        5.239604554851112,
        3.0552088168705236,
        3.3500701517276914,
        3.067286203912162,
        6.742825988203757,
        3.7577917164873065,
        13.027295721709919,
        4.844158349492244,
        2.8775502086841525,
        9.486735320562833,
        11.986433051017741,
        6.332266659045234,
        25.386415085274738,
        5.0628384639875135,
        6.391141265329212,
        16.449669420335344,
        4.717252257504137,
        6.622150057325135,
        7.416432401279655
      ],
      "label": "Strong hierarchy (init only)"
    },
    {
      "fast_scale": 2.0,
      "slow_scale": 0.5,
      "trained": true,
      "mean_hsi": 7.386206426533763,
      "std_hsi": 5.510957929129425,
      "min_hsi": 1.9110028370748524,
      "max_hsi": 25.386415085274738,
      "stable_rate": 0.0,
      "hsi_values": [
        1.9110028370748524,
        5.239604554851112,
        3.0552088168705236,
        3.3500701517276914,
        3.067286203912162,
        6.742825988203757,
        3.7577917164873065,
        13.027295721709919,
        4.844158349492244,
        2.8775502086841525,
        9.486735320562833,
        11.986433051017741,
        6.332266659045234,
        25.386415085274738,
        5.0628384639875135,
        6.391141265329212,
        16.449669420335344,
        4.717252257504137,
        6.622150057325135,
        7.416432401279655
      ],
      "label": "Strong hierarchy (trained)"
    },
    {
      "fast_scale": 3.0,
      "slow_scale": 0.3,
      "trained": false,
      "mean_hsi": 7.386206426533763,
      "std_hsi": 5.510957929129425,
      "min_hsi": 1.9110028370748524,
      "max_hsi": 25.386415085274738,
      "stable_rate": 0.0,
      "hsi_values": [
        1.9110028370748524,
        5.239604554851112,
        3.0552088168705236,
        3.3500701517276914,
        3.067286203912162,
        6.742825988203757,
        3.7577917164873065,
        13.027295721709919,
        4.844158349492244,
        2.8775502086841525,
        9.486735320562833,
        11.986433051017741,
        6.332266659045234,
        25.386415085274738,
        5.0628384639875135,
        6.391141265329212,
        16.449669420335344,
        4.717252257504137,
        6.622150057325135,
        7.416432401279655
      ],
      "label": "Extreme hierarchy (init only)"
    },
    {
      "fast_scale": 3.0,
      "slow_scale": 0.3,
      "trained": true,
      "mean_hsi": 7.386206426533763,
      "std_hsi": 5.510957929129425,
      "min_hsi": 1.9110028370748524,
      "max_hsi": 25.386415085274738,
      "stable_rate": 0.0,
      "hsi_values": [
        1.9110028370748524,
        5.239604554851112,
        3.0552088168705236,
        3.3500701517276914,
        3.067286203912162,
        6.742825988203757,
        3.7577917164873065,
        13.027295721709919,
        4.844158349492244,
        2.8775502086841525,
        9.486735320562833,
        11.986433051017741,
        6.332266659045234,
        25.386415085274738,
        5.0628384639875135,
        6.391141265329212,
        16.449669420335344,
        4.717252257504137,
        6.622150057325135,
        7.416432401279655
      ],
      "label": "Extreme hierarchy (trained)"
    }
  ],
  "baseline_hsi": 7.386206426533763,
  "extreme_hsi": 7.386206426533763,
  "improvement": 0.0
}