{
  "timestamp": "2025-11-07T20:36:53.464288",
  "experiment": "initialization_only",
  "hypothesis": "Do observers help at initialization or only through learning?",
  "num_trials_per_config": 50,
  "results": {
    "0": {
      "num_observers": 0,
      "mean_hsi": 7.595541743266434,
      "std_hsi": 4.650171951986232,
      "min_hsi": 1.9110028370748524,
      "max_hsi": 25.386415085274738,
      "stable_rate": 0.0,
      "hsi_values": [
        1.9110028370748524,
        5.239604554851112,
        3.0552088168705236,
        3.3500701517276914,
        3.067286203912162,
        6.742825988203757,
        3.7577917164873065,
        13.027295721709919,
        4.844158349492244,
        2.8775502086841525,
        9.486735320562833,
        11.986433051017741,
        6.332266659045234,
        25.386415085274738,
        5.0628384639875135,
        6.391141265329212,
        16.449669420335344,
        4.717252257504137,
        6.622150057325135,
        7.416432401279655,
        12.725822931871942,
        7.515383072251432,
        16.760620110325945,
        13.370185714873118,
        4.0887406137244895,
        4.702335788355152,
        4.44734845053026,
        9.782591256607013,
        8.21725049426915,
        2.5541973050011944,
        18.081481502813364,
        6.584434012462401,
        6.871463939961874,
        7.68832937777985,
        3.90466427363251,
        3.7278839191733892,
        4.922847547234059,
        2.2703506110544467,
        10.220679375530125,
        8.043254656207525,
        5.953185691358631,
        7.464971878382715,
        7.413785990459181,
        7.6409363182108345,
        4.285507820836119,
        3.7131109876537614,
        4.583571978078105,
        10.706157742437625,
        11.31030298404502,
        12.501562287525223
      ]
    },
    "50": {
      "num_observers": 50,
      "mean_hsi": 7.595541743266434,
      "std_hsi": 4.650171951986232,
      "min_hsi": 1.9110028370748524,
      "max_hsi": 25.386415085274738,
      "stable_rate": 0.0,
      "hsi_values": [
        1.9110028370748524,
        5.239604554851112,
        3.0552088168705236,
        3.3500701517276914,
        3.067286203912162,
        6.742825988203757,
        3.7577917164873065,
        13.027295721709919,
        4.844158349492244,
        2.8775502086841525,
        9.486735320562833,
        11.986433051017741,
        6.332266659045234,
        25.386415085274738,
        5.0628384639875135,
        6.391141265329212,
        16.449669420335344,
        4.717252257504137,
        6.622150057325135,
        7.416432401279655,
        12.725822931871942,
        7.515383072251432,
        16.760620110325945,
        13.370185714873118,
        4.0887406137244895,
        4.702335788355152,
        4.44734845053026,
        9.782591256607013,
        8.21725049426915,
        2.5541973050011944,
        18.081481502813364,
        6.584434012462401,
        6.871463939961874,
        7.68832937777985,
        3.90466427363251,
        3.7278839191733892,
        4.922847547234059,
        2.2703506110544467,
        10.220679375530125,
        8.043254656207525,
        5.953185691358631,
        7.464971878382715,
        7.413785990459181,
        7.6409363182108345,
        4.285507820836119,
        3.7131109876537614,
        4.583571978078105,
        10.706157742437625,
        11.31030298404502,
        12.501562287525223
      ]
    },
    "100": {
      "num_observers": 100,
      "mean_hsi": 7.595541743266434,
      "std_hsi": 4.650171951986232,
      "min_hsi": 1.9110028370748524,
      "max_hsi": 25.386415085274738,
      "stable_rate": 0.0,
      "hsi_values": [
        1.9110028370748524,
        5.239604554851112,
        3.0552088168705236,
        3.3500701517276914,
        3.067286203912162,
        6.742825988203757,
        3.7577917164873065,
        13.027295721709919,
        4.844158349492244,
        2.8775502086841525,
        9.486735320562833,
        11.986433051017741,
        6.332266659045234,
        25.386415085274738,
        5.0628384639875135,
        6.391141265329212,
        16.449669420335344,
        4.717252257504137,
        6.622150057325135,
        7.416432401279655,
        12.725822931871942,
        7.515383072251432,
        16.760620110325945,
        13.370185714873118,
        4.0887406137244895,
        4.702335788355152,
        4.44734845053026,
        9.782591256607013,
        8.21725049426915,
        2.5541973050011944,
        18.081481502813364,
        6.584434012462401,
        6.871463939961874,
        7.68832937777985,
        3.90466427363251,
        3.7278839191733892,
        4.922847547234059,
        2.2703506110544467,
        10.220679375530125,
        8.043254656207525,
        5.953185691358631,
        7.464971878382715,
        7.413785990459181,
        7.6409363182108345,
        4.285507820836119,
        3.7131109876537614,
        4.583571978078105,
        10.706157742437625,
        11.31030298404502,
        12.501562287525223
      ]
    }
  },
  "interpretation": "no_init_effect",
  "improvement_50": 0.0,
  "improvement_100": 0.0
}